entry_id,posting_date,amount,account,prepared_by,approved_by,description
JE0001,2026-03-30,16337.18,4000-Sales,nimali,ruwan,Routine posting
JE0002,2026-05-22,9582.51,6300-Utilities,asanka,dilini,Routine posting
JE0003,2026-03-02,2981.23,4000-Sales,asanka,nimali,Routine posting
JE0004,2026-03-09,158.85,6300-Utilities,asanka,ruwan,Routine posting
JE0005,2026-02-05,9165.37,6200-Rent,nimali,asanka,Routine posting
JE0006,2026-01-19,7810.17,5000-COGS,nimali,asanka,Routine posting
JE0007,2026-03-20,6891.79,6300-Utilities,dilini,nimali,Routine posting
JE0008,2026-03-24,224.07,6300-Utilities,ruwan,nimali,Routine posting
JE0009,2026-06-17,214.42,1200-Receivables,nimali,dilini,Routine posting
JE0010,2026-01-21,12724.26,6200-Rent,ruwan,asanka,Routine posting
JE0011,2026-06-29,43911.46,6200-Rent,ruwan,dilini,Routine posting
JE0012,2026-06-03,1045.22,5000-COGS,dilini,kasun,Routine posting
JE0013,2026-07-02,8975.13,6300-Utilities,nimali,asanka,Routine posting
JE0014,2026-05-11,952.77,4000-Sales,kasun,ruwan,Routine posting
JE0015,2026-02-04,363.81,6100-Salaries,ruwan,dilini,Routine posting
JE0016,2026-02-12,135.93,1200-Receivables,dilini,ruwan,Routine posting
JE0017,2026-01-26,1433.56,6100-Salaries,ruwan,kasun,Routine posting
JE0018,2026-06-08,171.31,4000-Sales,dilini,ruwan,Routine posting
JE0019,2026-03-16,160.8,1200-Receivables,dilini,asanka,Routine posting
JE0020,2026-03-25,928.16,6200-Rent,ruwan,dilini,Routine posting
JE0021,2026-06-25,157835.66,6100-Salaries,kasun,asanka,Routine posting
JE0022,2026-02-17,4770.42,5000-COGS,ruwan,asanka,Routine posting
JE0023,2026-07-20,32391.83,6200-Rent,kasun,nimali,Routine posting
JE0024,2026-04-15,367.83,6200-Rent,dilini,asanka,Routine posting
JE0025,2026-05-25,61031.14,6300-Utilities,kasun,nimali,Routine posting
JE0026,2026-03-17,20953.59,6200-Rent,dilini,kasun,Routine posting
JE0027,2026-03-05,397.32,5000-COGS,nimali,asanka,Routine posting
JE0028,2026-06-22,4455.26,6300-Utilities,nimali,asanka,Routine posting
JE0029,2026-02-20,103.26,6200-Rent,kasun,dilini,Routine posting
JE0030,2026-05-21,173993.47,1200-Receivables,kasun,dilini,Routine posting
JE0031,2026-05-18,3569.35,1200-Receivables,ruwan,asanka,Routine posting
JE0032,2026-05-28,2272.63,4000-Sales,dilini,ruwan,Routine posting
JE0033,2026-05-08,444.71,5000-COGS,dilini,asanka,Routine posting
JE0034,2026-04-27,1432.79,4000-Sales,nimali,asanka,Routine posting
JE0035,2026-02-02,6675.8,6100-Salaries,asanka,kasun,Routine posting
JE0036,2026-06-11,93913.94,6300-Utilities,asanka,nimali,Routine posting
JE0037,2026-04-13,177252.06,6300-Utilities,nimali,dilini,Routine posting
JE0038,2026-04-08,246.72,6200-Rent,dilini,asanka,Routine posting
JE0039,2026-05-04,1148.94,5000-COGS,dilini,ruwan,Routine posting
JE0040,2026-02-02,4239.5,1200-Receivables,kasun,dilini,Routine posting
JE0041,2026-02-16,498.58,6300-Utilities,ruwan,asanka,Routine posting
JE0042,2026-04-07,37816.91,6100-Salaries,nimali,asanka,Routine posting
JE0043,2026-06-18,5788.28,5000-COGS,asanka,dilini,Routine posting
JE0044,2026-04-06,14584.87,6300-Utilities,nimali,dilini,Routine posting
JE0045,2026-07-20,60580.38,1200-Receivables,nimali,kasun,Routine posting
JE0046,2026-03-04,1617.75,4000-Sales,nimali,ruwan,Routine posting
JE0047,2026-01-12,760.66,1200-Receivables,kasun,ruwan,Routine posting
JE0048,2026-06-08,56120.76,1200-Receivables,kasun,ruwan,Routine posting
JE0049,2026-04-06,561.79,5000-COGS,kasun,asanka,Routine posting
JE0050,2026-05-05,495.3,6300-Utilities,nimali,dilini,Routine posting
JE0051,2026-06-10,123389.24,6100-Salaries,asanka,ruwan,Routine posting
JE0052,2026-06-18,123948.78,1200-Receivables,asanka,nimali,Routine posting
JE0053,2026-07-16,105350.7,6200-Rent,nimali,ruwan,Routine posting
JE0054,2026-06-16,52820.21,1200-Receivables,kasun,asanka,Routine posting
JE0055,2026-04-16,33682.1,4000-Sales,dilini,ruwan,Routine posting
JE0056,2026-07-09,238002.77,4000-Sales,nimali,kasun,Routine posting
JE0057,2026-02-12,55221.31,5000-COGS,ruwan,dilini,Routine posting
JE0058,2026-06-10,17167.7,6100-Salaries,ruwan,dilini,Routine posting
JE0059,2026-02-13,118.24,1200-Receivables,ruwan,nimali,Routine posting
JE0060,2026-06-22,2985.05,5000-COGS,asanka,kasun,Routine posting
JE0061,2026-03-02,528.99,6300-Utilities,asanka,dilini,Routine posting
JE0062,2026-03-09,761.8,6200-Rent,ruwan,kasun,Routine posting
JE0063,2026-02-09,112770.01,1200-Receivables,asanka,dilini,Routine posting
JE0064,2026-06-03,64904.52,6300-Utilities,ruwan,dilini,Routine posting
JE0065,2026-02-09,6024.52,4000-Sales,ruwan,nimali,Routine posting
JE0066,2026-04-27,43504.33,5000-COGS,nimali,asanka,Routine posting
JE0067,2026-02-18,12733.4,4000-Sales,nimali,ruwan,Routine posting
JE0068,2026-05-27,20889.43,6300-Utilities,asanka,dilini,Routine posting
JE0069,2026-05-27,100687.27,4000-Sales,dilini,asanka,Routine posting
JE0070,2026-03-09,139.15,4000-Sales,nimali,dilini,Routine posting
JE0071,2026-05-14,38368.66,4000-Sales,dilini,asanka,Routine posting
JE0072,2026-04-28,22661.33,6200-Rent,kasun,nimali,Routine posting
JE0073,2026-05-15,5325.45,5000-COGS,ruwan,dilini,Routine posting
JE0074,2026-07-02,137235.45,5000-COGS,ruwan,kasun,Routine posting
JE0075,2026-04-29,259.13,6200-Rent,nimali,ruwan,Routine posting
JE0076,2026-03-26,2859.9,5000-COGS,asanka,kasun,Routine posting
JE0077,2026-06-25,112173.4,5000-COGS,kasun,asanka,Routine posting
JE0078,2026-07-07,725.38,5000-COGS,kasun,nimali,Routine posting
JE0079,2026-05-04,2259.82,6200-Rent,nimali,asanka,Routine posting
JE0080,2026-02-16,25205.78,6300-Utilities,nimali,kasun,Routine posting
JE0081,2026-04-20,462.95,6100-Salaries,kasun,ruwan,Routine posting
JE0082,2026-01-28,1409.71,6200-Rent,kasun,asanka,Routine posting
JE0083,2026-04-27,1339.96,6300-Utilities,asanka,ruwan,Routine posting
JE0084,2026-03-23,241.93,5000-COGS,ruwan,asanka,Routine posting
JE0085,2026-02-02,840.48,5000-COGS,asanka,dilini,Routine posting
JE0086,2026-03-16,77374.63,1200-Receivables,nimali,ruwan,Routine posting
JE0087,2026-03-12,6674.77,6300-Utilities,dilini,nimali,Routine posting
JE0088,2026-06-01,201.45,4000-Sales,dilini,kasun,Routine posting
JE0089,2026-06-30,110654.66,6100-Salaries,nimali,ruwan,Routine posting
JE0090,2026-01-09,192.63,5000-COGS,asanka,dilini,Routine posting
JE0091,2026-01-22,3490.04,6100-Salaries,kasun,asanka,Routine posting
JE0092,2026-05-26,12995.46,4000-Sales,dilini,kasun,Routine posting
JE0093,2026-05-19,197389.29,6100-Salaries,nimali,asanka,Routine posting
JE0094,2026-01-19,147788.08,1200-Receivables,nimali,kasun,Routine posting
JE0095,2026-03-24,967.98,6300-Utilities,ruwan,nimali,Routine posting
JE0096,2026-06-26,1512.88,4000-Sales,nimali,dilini,Routine posting
JE0097,2026-03-10,115.52,6300-Utilities,asanka,nimali,Routine posting
JE0098,2026-05-26,684.4,6200-Rent,nimali,ruwan,Routine posting
JE0099,2026-02-02,7179.29,6200-Rent,dilini,ruwan,Routine posting
JE0100,2026-05-14,218926.25,6100-Salaries,kasun,nimali,Routine posting
JE0101,2026-02-24,231254.09,4000-Sales,nimali,ruwan,Routine posting
JE0102,2026-02-09,13382.1,6100-Salaries,asanka,nimali,Routine posting
JE0103,2026-04-27,193.75,6200-Rent,nimali,asanka,Routine posting
JE0104,2026-05-14,22653.26,4000-Sales,kasun,nimali,Routine posting
JE0105,2026-05-04,821.72,4000-Sales,nimali,kasun,Routine posting
JE0106,2026-03-13,202730.08,6300-Utilities,kasun,dilini,Routine posting
JE0107,2026-03-30,191984.88,6100-Salaries,nimali,asanka,Routine posting
JE0108,2026-03-02,100.84,6200-Rent,kasun,nimali,Routine posting
JE0109,2026-01-26,5121.51,5000-COGS,dilini,kasun,Routine posting
JE0110,2026-03-09,203.66,4000-Sales,ruwan,asanka,Routine posting
JE0111,2026-02-10,2185.38,6100-Salaries,dilini,asanka,Routine posting
JE0112,2026-03-23,9794.52,6300-Utilities,nimali,asanka,Routine posting
JE0113,2026-07-16,39687.94,1200-Receivables,nimali,ruwan,Routine posting
JE0114,2026-05-11,28982.09,1200-Receivables,nimali,dilini,Routine posting
JE0115,2026-02-11,31267.79,6300-Utilities,asanka,ruwan,Routine posting
JE0116,2026-02-09,64534.36,6300-Utilities,ruwan,asanka,Routine posting
JE0117,2026-07-06,127.63,5000-COGS,nimali,asanka,Routine posting
JE0118,2026-06-17,1907.66,6200-Rent,kasun,asanka,Routine posting
JE0119,2026-05-27,13463.87,1200-Receivables,asanka,nimali,Routine posting
JE0120,2026-03-09,102.63,4000-Sales,dilini,kasun,Routine posting
JE0121,2026-07-15,17442.88,4000-Sales,ruwan,asanka,Routine posting
JE0122,2026-07-14,56408.41,6100-Salaries,dilini,kasun,Routine posting
JE0123,2026-03-06,32765.53,6200-Rent,nimali,kasun,Routine posting
JE0124,2026-05-11,4252.4,1200-Receivables,dilini,asanka,Routine posting
JE0125,2026-03-19,183.4,5000-COGS,asanka,kasun,Routine posting
JE0126,2026-03-30,12939.35,5000-COGS,kasun,dilini,Routine posting
JE0127,2026-01-08,4484.49,1200-Receivables,dilini,asanka,Routine posting
JE0128,2026-01-30,974.79,6300-Utilities,nimali,ruwan,Routine posting
JE0129,2026-03-19,3850.82,4000-Sales,dilini,ruwan,Routine posting
JE0130,2026-05-25,211654.5,6200-Rent,nimali,dilini,Routine posting
JE0131,2026-01-09,181.96,6300-Utilities,kasun,ruwan,Routine posting
JE0132,2026-04-30,516.95,5000-COGS,kasun,ruwan,Routine posting
JE0133,2026-01-26,303.33,6300-Utilities,ruwan,asanka,Routine posting
JE0134,2026-03-13,11257.54,1200-Receivables,kasun,nimali,Routine posting
JE0135,2026-05-15,24623.28,5000-COGS,kasun,asanka,Routine posting
JE0136,2026-05-12,121.46,4000-Sales,dilini,ruwan,Routine posting
JE0137,2026-05-11,1063.25,5000-COGS,dilini,ruwan,Routine posting
JE0138,2026-04-21,1187.59,6100-Salaries,kasun,ruwan,Routine posting
JE0139,2026-01-05,71281.48,4000-Sales,kasun,dilini,Routine posting
JE0140,2026-02-24,725.97,4000-Sales,asanka,dilini,Routine posting
JE0141,2026-04-15,1684.27,6200-Rent,dilini,asanka,Routine posting
JE0142,2026-07-17,899.85,4000-Sales,kasun,asanka,Routine posting
JE0143,2026-06-23,704.21,6100-Salaries,kasun,nimali,Routine posting
JE0144,2026-04-27,442.07,6100-Salaries,ruwan,kasun,Routine posting
JE0145,2026-07-24,57633.06,1200-Receivables,dilini,asanka,Routine posting
JE0146,2026-04-17,27960.62,4000-Sales,ruwan,nimali,Routine posting
JE0147,2026-07-13,12322.76,5000-COGS,dilini,ruwan,Routine posting
JE0148,2026-06-18,146.73,6300-Utilities,kasun,ruwan,Routine posting
JE0149,2026-02-06,2573.63,6100-Salaries,nimali,ruwan,Routine posting
JE0150,2026-03-23,2404.98,5000-COGS,kasun,dilini,Routine posting
JE0151,2026-03-23,255.34,1200-Receivables,dilini,ruwan,Routine posting
JE0152,2026-02-16,5035.66,6200-Rent,asanka,kasun,Routine posting
JE0153,2026-05-25,120581.85,6200-Rent,nimali,ruwan,Routine posting
JE0154,2026-04-24,675.91,5000-COGS,nimali,kasun,Routine posting
JE0155,2026-04-02,1217.81,6100-Salaries,ruwan,asanka,Routine posting
JE0156,2026-03-12,103909.43,1200-Receivables,ruwan,nimali,Routine posting
JE0157,2026-04-20,34344.55,5000-COGS,dilini,ruwan,Routine posting
JE0158,2026-04-13,36072.6,6200-Rent,kasun,dilini,Routine posting
JE0159,2026-03-17,267.9,6300-Utilities,ruwan,kasun,Routine posting
JE0160,2026-05-20,834.59,5000-COGS,nimali,asanka,Routine posting
JE0161,2026-04-13,2939.31,6100-Salaries,dilini,ruwan,Routine posting
JE0162,2026-01-12,2790.48,6200-Rent,nimali,asanka,Routine posting
JE0163,2026-06-04,177.28,6300-Utilities,dilini,asanka,Routine posting
JE0164,2026-05-04,45979.52,5000-COGS,dilini,nimali,Routine posting
JE0165,2026-02-13,158879.51,1200-Receivables,nimali,asanka,Routine posting
JE0166,2026-07-03,7500.72,4000-Sales,dilini,asanka,Routine posting
JE0167,2026-01-05,8627.79,4000-Sales,nimali,kasun,Routine posting
JE0168,2026-06-19,13489.86,6300-Utilities,kasun,nimali,Routine posting
JE0169,2026-06-16,217.83,6100-Salaries,dilini,asanka,Routine posting
JE0170,2026-05-19,2086.79,5000-COGS,ruwan,nimali,Routine posting
JE0171,2026-06-08,6720.78,6200-Rent,asanka,nimali,Routine posting
JE0172,2026-03-17,4130.8,5000-COGS,kasun,nimali,Routine posting
JE0173,2026-05-25,184539.09,1200-Receivables,nimali,asanka,Routine posting
JE0174,2026-06-22,118.6,6200-Rent,kasun,asanka,Routine posting
JE0175,2026-06-26,749.33,1200-Receivables,dilini,asanka,Routine posting
JE0176,2026-04-23,4742.5,1200-Receivables,kasun,nimali,Routine posting
JE0177,2026-04-01,20927.95,5000-COGS,dilini,kasun,Routine posting
JE0178,2026-01-06,498.59,5000-COGS,kasun,asanka,Routine posting
JE0179,2026-03-25,3814.06,6100-Salaries,nimali,kasun,Routine posting
JE0180,2026-07-20,172405.62,6200-Rent,kasun,asanka,Routine posting
JE0181,2026-06-10,4458.4,1200-Receivables,nimali,kasun,Routine posting
JE0182,2026-01-19,136313.87,4000-Sales,ruwan,nimali,Routine posting
JE0183,2026-03-02,2584.1,1200-Receivables,asanka,kasun,Routine posting
JE0184,2026-01-20,3378.96,1200-Receivables,nimali,ruwan,Routine posting
JE0185,2026-03-26,147036.34,6100-Salaries,asanka,nimali,Routine posting
JE0186,2026-02-23,128.36,1200-Receivables,nimali,ruwan,Routine posting
JE0187,2026-07-09,223327.29,6200-Rent,dilini,kasun,Routine posting
JE0188,2026-02-17,184.51,4000-Sales,asanka,nimali,Routine posting
JE0189,2026-04-06,8087.95,5000-COGS,dilini,asanka,Routine posting
JE0190,2026-04-13,62348.66,6200-Rent,kasun,dilini,Routine posting
JE0191,2026-01-27,462.84,6300-Utilities,asanka,ruwan,Routine posting
JE0192,2026-04-29,1731.59,6200-Rent,nimali,dilini,Routine posting
JE0193,2026-01-12,57570.95,6200-Rent,dilini,nimali,Routine posting
JE0194,2026-01-15,3782.44,4000-Sales,dilini,asanka,Routine posting
JE0195,2026-03-11,113520.97,6100-Salaries,nimali,asanka,Routine posting
JE0196,2026-04-07,180361.84,6300-Utilities,kasun,dilini,Routine posting
JE0197,2026-01-16,138795.52,6100-Salaries,kasun,dilini,Routine posting
JE0198,2026-01-05,120.91,5000-COGS,ruwan,asanka,Routine posting
JE0199,2026-02-02,175103.96,6200-Rent,dilini,ruwan,Routine posting
JE0200,2026-03-10,282.62,6200-Rent,dilini,ruwan,Routine posting
JE0201,2026-02-20,62714.48,5000-COGS,asanka,dilini,Routine posting
JE0202,2026-06-09,84766.46,6200-Rent,nimali,dilini,Routine posting
JE0203,2026-04-07,5500.58,6200-Rent,ruwan,asanka,Routine posting
JE0204,2026-07-16,2434.29,1200-Receivables,nimali,kasun,Routine posting
JE0205,2026-01-13,351.85,6200-Rent,dilini,kasun,Routine posting
JE0206,2026-02-02,13293.68,5000-COGS,asanka,dilini,Routine posting
JE0207,2026-01-29,229440.07,6200-Rent,dilini,ruwan,Routine posting
JE0208,2026-02-18,2613.71,6300-Utilities,nimali,kasun,Routine posting
JE0209,2026-06-26,44787.0,6100-Salaries,nimali,asanka,Routine posting
JE0210,2026-03-23,1853.96,1200-Receivables,kasun,dilini,Routine posting
JE0211,2026-03-12,693.84,5000-COGS,nimali,ruwan,Routine posting
JE0212,2026-03-06,101430.97,6300-Utilities,nimali,dilini,Routine posting
JE0213,2026-02-23,2221.45,5000-COGS,kasun,asanka,Routine posting
JE0214,2026-05-14,16172.54,4000-Sales,ruwan,nimali,Routine posting
JE0215,2026-06-22,222.81,6200-Rent,dilini,asanka,Routine posting
JE0216,2026-03-05,137.16,6100-Salaries,dilini,kasun,Routine posting
JE0217,2026-03-05,441.11,6300-Utilities,asanka,nimali,Routine posting
JE0218,2026-02-23,5534.45,5000-COGS,asanka,dilini,Routine posting
JE0219,2026-04-29,43151.3,1200-Receivables,ruwan,kasun,Routine posting
JE0220,2026-01-06,549.53,6100-Salaries,asanka,dilini,Routine posting
JE0221,2026-04-02,493.76,6100-Salaries,nimali,asanka,Routine posting
JE0222,2026-01-14,58901.81,6100-Salaries,ruwan,nimali,Routine posting
JE0223,2026-04-20,12925.49,4000-Sales,kasun,nimali,Routine posting
JE0224,2026-02-26,7300.5,4000-Sales,asanka,ruwan,Routine posting
JE0225,2026-04-20,18100.47,5000-COGS,asanka,ruwan,Routine posting
JE0226,2026-06-17,16611.1,6200-Rent,ruwan,asanka,Routine posting
JE0227,2026-07-02,229092.94,1200-Receivables,kasun,ruwan,Routine posting
JE0228,2026-03-24,1153.53,6300-Utilities,dilini,asanka,Routine posting
JE0229,2026-04-06,115.33,6100-Salaries,dilini,ruwan,Routine posting
JE0230,2026-06-18,29874.99,5000-COGS,nimali,ruwan,Routine posting
JE0231,2026-01-06,2759.09,4000-Sales,dilini,nimali,Routine posting
JE0232,2026-04-20,3690.47,5000-COGS,ruwan,kasun,Routine posting
JE0233,2026-02-09,7503.48,1200-Receivables,asanka,nimali,Routine posting
JE0234,2026-04-16,32110.45,5000-COGS,asanka,dilini,Routine posting
JE0235,2026-02-11,354.95,5000-COGS,kasun,dilini,Routine posting
JE0236,2026-01-22,4653.0,5000-COGS,asanka,ruwan,Routine posting
JE0237,2026-03-23,207423.7,6200-Rent,nimali,asanka,Routine posting
JE0238,2026-03-26,196.52,1200-Receivables,asanka,ruwan,Routine posting
JE0239,2026-06-12,12929.46,6300-Utilities,nimali,kasun,Routine posting
JE0240,2026-02-24,8364.75,4000-Sales,dilini,nimali,Routine posting
JE0241,2026-04-17,2014.46,4000-Sales,ruwan,nimali,Routine posting
JE0242,2026-02-12,137.95,6300-Utilities,nimali,kasun,Routine posting
JE0243,2026-07-17,251.35,6300-Utilities,asanka,dilini,Routine posting
JE0244,2026-05-01,16095.14,6100-Salaries,ruwan,kasun,Routine posting
JE0245,2026-06-03,2105.33,6100-Salaries,nimali,ruwan,Routine posting
JE0246,2026-04-29,405.32,4000-Sales,ruwan,dilini,Routine posting
JE0247,2026-06-12,630.74,6300-Utilities,dilini,ruwan,Routine posting
JE0248,2026-07-23,56990.15,6200-Rent,dilini,nimali,Routine posting
JE0249,2026-02-02,1656.36,6100-Salaries,asanka,kasun,Routine posting
JE0250,2026-01-28,137.47,5000-COGS,dilini,asanka,Routine posting
JE0251,2026-01-26,152.93,6300-Utilities,kasun,asanka,Routine posting
JE0252,2026-04-13,82042.4,6300-Utilities,nimali,asanka,Routine posting
JE0253,2026-07-13,280.22,6200-Rent,asanka,kasun,Routine posting
JE0254,2026-03-19,167.01,6100-Salaries,nimali,kasun,Routine posting
JE0255,2026-06-10,1261.98,6300-Utilities,kasun,nimali,Routine posting
JE0256,2026-03-16,731.39,6200-Rent,dilini,nimali,Routine posting
JE0257,2026-02-27,12414.96,5000-COGS,ruwan,kasun,Routine posting
JE0258,2026-03-27,474.68,6200-Rent,kasun,asanka,Routine posting
JE0259,2026-02-16,110765.51,5000-COGS,kasun,dilini,Routine posting
JE0260,2026-07-24,40935.82,4000-Sales,kasun,asanka,Routine posting
JE0261,2026-06-16,7719.91,6300-Utilities,kasun,ruwan,Routine posting
JE0262,2026-06-30,237709.02,1200-Receivables,asanka,dilini,Routine posting
JE0263,2026-04-15,1894.59,6100-Salaries,kasun,dilini,Routine posting
JE0264,2026-06-01,1332.96,4000-Sales,nimali,dilini,Routine posting
JE0265,2026-04-28,12367.17,4000-Sales,nimali,kasun,Routine posting
JE0266,2026-03-23,1133.04,6300-Utilities,ruwan,kasun,Routine posting
JE0267,2026-06-23,34690.24,5000-COGS,kasun,asanka,Routine posting
JE0268,2026-02-12,2631.09,6100-Salaries,kasun,ruwan,Routine posting
JE0269,2026-01-19,592.49,1200-Receivables,nimali,ruwan,Routine posting
JE0270,2026-01-16,102.07,6100-Salaries,asanka,nimali,Routine posting
JE0271,2026-03-23,6546.13,6200-Rent,asanka,dilini,Routine posting
JE0272,2026-06-03,494.57,6300-Utilities,kasun,nimali,Routine posting
JE0273,2026-05-06,111.68,5000-COGS,nimali,kasun,Routine posting
JE0274,2026-07-06,211.71,1200-Receivables,nimali,ruwan,Routine posting
JE0275,2026-02-11,57456.58,4000-Sales,kasun,ruwan,Routine posting
JE0276,2026-01-19,10521.13,6300-Utilities,ruwan,kasun,Routine posting
JE0277,2026-04-28,699.66,4000-Sales,ruwan,dilini,Routine posting
JE0278,2026-01-16,2400.83,5000-COGS,asanka,nimali,Routine posting
JE0279,2026-02-16,110.15,6300-Utilities,asanka,nimali,Routine posting
JE0280,2026-06-22,2539.84,6300-Utilities,nimali,kasun,Routine posting
JE0281,2026-06-09,58276.67,5000-COGS,ruwan,dilini,Routine posting
JE0282,2026-05-15,1049.31,4000-Sales,kasun,asanka,Routine posting
JE0283,2026-07-09,1885.99,6200-Rent,dilini,asanka,Routine posting
JE0284,2026-07-14,33263.41,6200-Rent,dilini,asanka,Routine posting
JE0285,2026-02-18,774.2,1200-Receivables,nimali,asanka,Routine posting
JE0286,2026-01-14,107233.72,1200-Receivables,asanka,dilini,Routine posting
JE0287,2026-03-13,14519.25,1200-Receivables,asanka,dilini,Routine posting
JE0288,2026-04-27,1011.81,5000-COGS,ruwan,kasun,Routine posting
JE0289,2026-01-26,377.76,5000-COGS,ruwan,asanka,Routine posting
JE0290,2026-07-14,34428.22,6100-Salaries,nimali,kasun,Routine posting
JE0291,2026-02-23,11070.96,6200-Rent,dilini,kasun,Routine posting
JE0292,2026-06-15,4029.75,6300-Utilities,ruwan,dilini,Routine posting
JE0293,2026-07-02,3065.69,1200-Receivables,asanka,nimali,Routine posting
JE0294,2026-03-05,48226.77,6200-Rent,ruwan,kasun,Routine posting
JE0295,2026-06-15,8350.17,5000-COGS,ruwan,asanka,Routine posting
JE0296,2026-02-11,240.12,6300-Utilities,asanka,nimali,Routine posting
JE0297,2026-02-16,24127.67,4000-Sales,kasun,nimali,Routine posting
JE0298,2026-01-15,23432.91,1200-Receivables,nimali,asanka,Routine posting
JE0299,2026-01-16,476.06,6300-Utilities,asanka,dilini,Routine posting
JE0300,2026-06-24,231.31,5000-COGS,asanka,ruwan,Routine posting
JE0301,2026-03-14,48000.00,6300-Utilities,kasun,kasun,Adjustment
JE0302,2026-04-19,250000.00,4000-Sales,nimali,,Manual revenue
JE0303,2026-05-12,73500.50,6200-Rent,ruwan,asanka,Rent accrual
JE0304,2026-05-12,73500.50,6200-Rent,ruwan,asanka,Rent accrual
JE0305,2026-06-07,98500.00,5000-COGS,dilini,ruwan,Vendor payment
JE0306,2026-06-04,99200.00,5000-COGS,dilini,ruwan,Vendor payment
JE0307,2026-06-02,99750.00,5000-COGS,dilini,ruwan,Vendor payment
JE0308,2026-06-02,97800.00,5000-COGS,dilini,ruwan,Vendor payment
JE0309,2026-06-26,99900.00,5000-COGS,dilini,ruwan,Vendor payment
JE0310,2026-07-03,20000.00,6100-Salaries,asanka,nimali,Bonus
JE0311,2026-07-01,35000.00,6100-Salaries,asanka,nimali,Bonus
JE0312,2026-07-03,50000.00,6100-Salaries,asanka,nimali,Bonus
